2554,2590,http://banners.affiliate4you.nl/2590/Affiliate_500x500px_Sinterklaasvorfreude_kw45nl_1478170843.jpg
1388,8519,http://banners.affiliate4you.nl/8519/lancome_728x90_1478165499.png
1388,8519,http://banners.affiliate4you.nl/8519/lancome_500x500_1478165470.jpg
1388,8519,http://banners.affiliate4you.nl/8519/lancome_300x250_1478165438.jpg
2974,3004,http://banners.affiliate4you.nl/3004/timberland_120x600_1478102401.gif
2974,3004,http://banners.affiliate4you.nl/3004/728x90_nike_air_force_1478102360.gif
2974,3004,http://banners.affiliate4you.nl/3004/500x500_nike_air_force_1478102320.gif
2974,3004,http://banners.affiliate4you.nl/3004/468x60_nike_air_force_1478102297.gif
2974,3004,http://banners.affiliate4you.nl/3004/336x280_nike_air_force_1478102267.gif
3329,6596,http://banners.affiliate4you.nl/6596/bike_banner_affiliates_728x90_1478082151.gif
3329,6596,http://banners.affiliate4you.nl/6596/bike_banner_affiliates_300x250_1478082112.gif
1270,6991,http://banners.affiliate4you.nl/6991/e_mail_500x500_2.0_1478074337.jpg
1388,8519,http://banners.affiliate4you.nl/8519/clarins_500x500_1477645208.png
1388,8519,http://banners.affiliate4you.nl/8519/728x90_1477645180.jpg
1388,8519,http://banners.affiliate4you.nl/8519/300x250_1477645150.png
5443,10217,http://banners.affiliate4you.nl/10217/728x90_2016_1477575718.png
5443,10217,http://banners.affiliate4you.nl/10217/500x500_2016_1477575692.png
5443,10217,http://banners.affiliate4you.nl/10217/336x280_2016_1477575644.png
5443,10217,http://banners.affiliate4you.nl/10217/300x250_2016_1477575605.png
5443,10217,http://banners.affiliate4you.nl/10217/250x250_2016_1477575546.png
5443,10217,http://banners.affiliate4you.nl/10217/200x200_2016_1477575514.png
5443,10217,http://banners.affiliate4you.nl/10217/160x600_2016_1477575180.png
5443,10217,http://banners.affiliate4you.nl/10217/160x200_2016_1477575105.png
5443,10217,http://banners.affiliate4you.nl/10217/120x600_2016_1477575071.png
5443,10217,http://banners.affiliate4you.nl/10217/120x60_2016_1477574968.png
679,681,http://banners.affiliate4you.nl/681/ikenik_lodgerbanner_UAPsuperbanner_728x90px_1477304133.jpg
679,681,http://banners.affiliate4you.nl/681/ikenik_lodgerbanner_UAPskycraper_160x600px_1477304106.jpg
679,681,http://banners.affiliate4you.nl/681/ikenik_lodgerbanner_UAPrectangle_180x150px_1477304077.jpg
679,681,http://banners.affiliate4you.nl/681/ikenik_lodgerbanner_UAPmediumrectangle_300x250px_1477304046.jpg
679,681,http://banners.affiliate4you.nl/681/ikenik_lodgerbanner_traditioneel_468x60px_1477304014.jpg
679,681,http://banners.affiliate4you.nl/681/ikenik_lodgerbanner_skycraper_120x600px_1477303987.jpg
679,681,http://banners.affiliate4you.nl/681/ikenik_LDbanner_UAPsuperbanner_728x90px_1477303893.jpg
679,681,http://banners.affiliate4you.nl/681/ikenik_LDbanner_UAPskycraper_160x600px_1477303855.jpg
679,681,http://banners.affiliate4you.nl/681/ikenik_LDbanner_UAPrectangle_180x150px_1477303817.jpg
679,681,http://banners.affiliate4you.nl/681/ikenik_LDbanner_UAPmediumrectangle_300x250px_1477303790.jpg
679,681,http://banners.affiliate4you.nl/681/ikenik_LDbanner_traditioneel_468x60px_1477303762.jpg
679,681,http://banners.affiliate4you.nl/681/ikenik_LDbanner_skycraper_120x600px_1477303690.jpg
679,681,http://banners.affiliate4you.nl/681/ikenik_cottonbabybanner_UAPsuperbanner_728x90px_1477303451.jpg
679,681,http://banners.affiliate4you.nl/681/ikenik_cottonbabybanner_UAPskycraper_160x600px_1477303418.jpg
679,681,http://banners.affiliate4you.nl/681/ikenik_cottonbabybanner_UAPrectangle_180x150px_1477303375.jpg
679,681,http://banners.affiliate4you.nl/681/ikenik_cottonbabybanner_UAPmediumrectangle_300x250px_1477303350.jpg
679,681,http://banners.affiliate4you.nl/681/ikenik_cottonbabybanner_traditioneel_468x60px_1477303313.jpg
679,681,http://banners.affiliate4you.nl/681/ikenik_cottonbabybanner_skycraper_120x600px_1477303275.jpg
679,681,http://banners.affiliate4you.nl/681/ikenik_babyonlybanner_UAPsuperbanner_728x90px_1477303201.jpg
679,681,http://banners.affiliate4you.nl/681/ikenik_babyonlybanner_UAPskycraper_160x600px_1477303165.jpg
679,681,http://banners.affiliate4you.nl/681/ikenik_babyonlybanner_UAPrectangle_180x150px_1477303136.jpg